Workbook

Sheet Inputs
A1: Metric | B1: Value | C1: Notes
A2: Active Users | B2: 1000 | C2: Monthly Active Users
A3: % Paying Users | B3: 0.05 | C3: Decimal (e.g., 0.05 = 5%)
A4: Avg Purchase per Paying User ($) | B4: 2.5 | C4: Dollars per paying user / month
A5: App Store Fee (%) | B5: 0.3 | C5: Decimal (e.g., 0.30 = 30%)
A6: Supabase Monthly Cost ($) | B6: 25 | C6: Base backend plan
A7: Backend/Storage/AI Cost ($) | B7: 25 | C7: Other infra per month
A8: Dice Rolls / Day (info) | B8: 3 | C8: Not used in revenue; context for economy
A9: Avg Points per Roll (info) | B9: 3.5 | C9: Not used in revenue; context for economy
A10: Game Points per Day (info) | B10: 5 | C10: Not used in revenue; context for economy
A11: Photo Unlock Cost (pts) (info) | B11: 25 | C11: Not used in revenue; context for economy
A12: Video Unlock Cost (pts) (info) | B12: 60 | C12: Not used in revenue; context for economy

Sheet Model
A1: Output | B1: Formula / Value | C1: Description
A2: Total Paying Users | B2: =Inputs!B2*Inputs!B3 -> 0 | C2: # users * % paying
A3: Gross Monthly Revenue ($) | B3: =Inputs!B4*B2 -> 0 | C3: Avg purchase * Paying users
A4: App Store Fees ($) | B4: =Inputs!B5*B3 -> 0 | C4: Store fee * Gross revenue
A5: Net Revenue ($) | B5: =B3-B4 -> 0 | C5: Gross - Store Fees
A6: Total Monthly Costs ($) | B6: =Inputs!B6+Inputs!B7 -> 0 | C6: Supabase + Other backend
A7: Net Profit ($) | B7: =B5-B6 -> 0 | C7: Net Revenue - Total Costs
A8: Profit per Active User ($) | B8: =B7/Inputs!B2 -> 0 | C8: Net Profit / Active Users
A9: Breakeven Active Users | B9: =(Inputs!B6+Inputs!B7)/(Inputs!B4*(Inputs!B3)-(Inputs!B5*Inputs!B4*(Inputs!B3))) -> 0 | C9: Users needed to cover costs (approx)

Sheet Scenarios
A1: Active Users | B1: Net Profit ($)
A2: 100 | B2: =(Inputs!$B$4*(A2*Inputs!$B$3))-(Inputs!$B$5*(Inputs!$B$4*(A2*Inputs!$B$3)))-(Inputs!$B$6+Inputs!$B$7) -> 0
A3: 200 | B3: =(Inputs!$B$4*(A3*Inputs!$B$3))-(Inputs!$B$5*(Inputs!$B$4*(A3*Inputs!$B$3)))-(Inputs!$B$6+Inputs!$B$7) -> 0
A4: 300 | B4: =(Inputs!$B$4*(A4*Inputs!$B$3))-(Inputs!$B$5*(Inputs!$B$4*(A4*Inputs!$B$3)))-(Inputs!$B$6+Inputs!$B$7) -> 0
A5: 400 | B5: =(Inputs!$B$4*(A5*Inputs!$B$3))-(Inputs!$B$5*(Inputs!$B$4*(A5*Inputs!$B$3)))-(Inputs!$B$6+Inputs!$B$7) -> 0
A6: 500 | B6: =(Inputs!$B$4*(A6*Inputs!$B$3))-(Inputs!$B$5*(Inputs!$B$4*(A6*Inputs!$B$3)))-(Inputs!$B$6+Inputs!$B$7) -> 0
A7: 600 | B7: =(Inputs!$B$4*(A7*Inputs!$B$3))-(Inputs!$B$5*(Inputs!$B$4*(A7*Inputs!$B$3)))-(Inputs!$B$6+Inputs!$B$7) -> 0
A8: 700 | B8: =(Inputs!$B$4*(A8*Inputs!$B$3))-(Inputs!$B$5*(Inputs!$B$4*(A8*Inputs!$B$3)))-(Inputs!$B$6+Inputs!$B$7) -> 0
A9: 800 | B9: =(Inputs!$B$4*(A9*Inputs!$B$3))-(Inputs!$B$5*(Inputs!$B$4*(A9*Inputs!$B$3)))-(Inputs!$B$6+Inputs!$B$7) -> 0
A10: 900 | B10: =(Inputs!$B$4*(A10*Inputs!$B$3))-(Inputs!$B$5*(Inputs!$B$4*(A10*Inputs!$B$3)))-(Inputs!$B$6+Inputs!$B$7) -> 0
A11: 1000 | B11: =(Inputs!$B$4*(A11*Inputs!$B$3))-(Inputs!$B$5*(Inputs!$B$4*(A11*Inputs!$B$3)))-(Inputs!$B$6+Inputs!$B$7) -> 0
A12: 1100 | B12: =(Inputs!$B$4*(A12*Inputs!$B$3))-(Inputs!$B$5*(Inputs!$B$4*(A12*Inputs!$B$3)))-(Inputs!$B$6+Inputs!$B$7) -> 0
A13: 1200 | B13: =(Inputs!$B$4*(A13*Inputs!$B$3))-(Inputs!$B$5*(Inputs!$B$4*(A13*Inputs!$B$3)))-(Inputs!$B$6+Inputs!$B$7) -> 0
... A101: 10000 | B101: =(Inputs!$B$4*(A101*Inputs!$B$3))-(Inputs!$B$5*(Inputs!$B$4*(A101*Inputs!$B$3)))-(Inputs!$B$6+Inputs!$B$7) -> 0
